"Mr. Matilda Berge",,,,,00447777000749
"Wilfrid Crist",,,,,00447777000263
"Ariane Kassulke Jr.",,,,,00447777000415
"Shakira Christiansen",,,,,x00447777000013
"Dovie Schimmel",,,,,00447777000783
"Margaret Kovacek",,,,,00447777000529
"Miss Katarina Fay",,,,,00447777000223
"Jordyn Ritchie",,,,,00447777000092
"Tad Bailey",,,,,00447777000278
"Monique Berge Jr.",,,,,00447777000696
"Mrs. Rosalinda Moen",,,,,00447777000280
"Ms. Dalton Connelly",,,,,00447777000318
"Sibyl Hammes I",,,,,00447777000162
"Dominique Bins",,,,,00447777000462
"Christophe Koepp",,,,,00447777000889
"Cade Kshlerin II",,,,,00447777000836
"Dr. Ena Marquardt",,,,,00447777000161
"Mrs. Salvatore Lynch",,,,,00447777000642
"Stefanie Gulgowski Sr.",,,,,00447777000656
"Dino Bergstrom",,,,,00447777000679
"Dayna Schuppe",,,,,00447777000829
"Guillermo Hermiston",,,,,00447777000494
"Miss Imogene Lindgren",,,,,00447777000759
"Phoebe Windler I",,,,,00447777000062
"Katherine Gutmann",,,,,00447777000567
"Leonel Windler",,,,,00447777000265
"Madeline Herzog",,,,,00447777000364
"Dock Hickle",,,,,00447777000601
"Nyasia Lynch",,,,,00447777000624
"Talon Emard",,,,,00447777000473
"Juliana Macejkovic",,,,,00447777000001
"Dion Leannon",,,,,00447777000039
"Lizzie Effertz",,,,,00447777000440
"Dr. Dayna Sawayn",,,,,00447777000071
"Lonzo McDermott",,,,,00447777000865
"Mrs. Aliyah MacGyver",,,,,00447777000872
"Margarette Boehm V",,,,,00447777000837
"Kaitlyn Davis",,,,,00447777000068
"Shad Farrell",,,,,00447777000974
"William Hermiston",,,,,00447777000304
"Kavon Kuhn",,,,,00447777000307
"Domenico Ledner",,,,,00447777000824
"Estevan Grant",,,,,00447777000360
"Chloe Paucek",,,,,00447777000657
"Rossie Ullrich",,,,,00447777000274
"Daija Huels",,,,,00447777000797
"Brock Gusikowski",,,,,00447777000135
"Kevon Collins",,,,,00447777000999
"Summer Osinski",,,,,00447777000074
"Ida Kuhlman",,,,,00447777000966
"Miss Ines Kuhic",,,,,00447777000574
"Dr. Dagmar Shanahan",,,,,00447777000177
"Elise Deckow PhD",,,,,00447777000659
"Miss Danielle Haag",,,,,00447777000453
"Camden Emmerich",,,,,00447777000104
"Ms. Meredith Marquardt",,,,,00447777000314
"Rebecca Jaskolski",,,,,00447777000612
"Charlotte Upton",,,,,00447777000455
"Jaunita Simonis",,,,,00447777000979
"Brennon Rath",,,,,00447777000680
"Adan Mante",,,,,00447777000890
"Kaitlyn Barrows",,,,,00447777000686
"Danial Heaney",,,,,00447777000640
"Dasia Keebler",,,,,00447777000017
"Martine Schumm",,,,,00447777000109
"Nathaniel Rau",,,,,00447777000878
"Martin Toy",,,,,00447777000260
"Reid Emard",,,,,00447777000312
"Halle Padberg",,,,,00447777000570
"Vance Reynolds PhD",,,,,00447777000553
"Catalina Koepp",,,,,00447777000517
"Immanuel McCullough",,,,,00447777000551
"Lia Brakus",,,,,00447777000531
"Jermain Runolfsson",,,,,00447777000341
"Freida Douglas",,,,,00447777000894
"Rose Nitzsche",,,,,00447777000771
"Laila Padberg",,,,,00447777000060
"Sunny Lynch",,,,,00447777000246
"Melyssa Hagenes",,,,,00447777000903
"Baylee Leffler",,,,,00447777000242
"Josefina Hartmann",,,,,00447777000379
"Tatyana Ryan",,,,,00447777000043
"Kamron Stehr",,,,,00447777000391
"Madilyn Schiller",,,,,00447777000540
"Terrill Brakus",,,,,00447777000481
"Mariam Runolfsdottir DDS",,,,,00447777000170
"Miss Ines Kuhic",,,,,00447777000574
"Dr. Hilton Denesik",,,,,00447777000520
"Aidan DuBuque",,,,,00447777000427
"Ursula Kassulke",,,,,00447777000767
"Gabrielle Torphy",,,,,00447777000180
"Axel Pouros",,,,,00447777000420
"Sherman Koss",,,,,00447777000253
"Clifford Moore",,,,,00447777000957
"Carolyn Nader",,,,,00447777000471
"Gus Jenkins",,,,,00447777000125
"Theodore Vandervort",,,,,00447777000006
"Nicole D'Amore",,,,,00447777000591
"Astrid Rempel",,,,,00447777000542
"Breanne Hermiston",,,,,00447777000546
"Obie VonRueden",,,,,00447777000228
"Jacklyn Little",,,,,00447777000891
"Kaitlyn Bergstrom",,,,,00447777000983
"Johann Marks",,,,,00447777000081
"Mellie Leuschke DDS",,,,,00447777000409
"Queenie Krajcik III",,,,,00447777000317
"Newell Schuppe",,,,,00447777000786
"Laura Stroman Sr.",,,,,00447777000610
"Jamey Jakubowski",,,,,00447777000437
"Lourdes Collins",,,,,00447777000806
"Asia Lowe",,,,,00447777000299
"Delphia Price",,,,,00447777000693
"Maurine Mayer",,,,,00447777000732
"Trinity Lemke",,,,,00447777000021
"Christopher Goyette",,,,,00447777000914
"Mr. Deion Carroll",,,,,00447777000457
"Dayna Littel",,,,,00447777000488
"Susana Rau",,,,,00447777000446
"Roslyn Kerluke",,,,,00447777000367
"Favian Turcotte",,,,,00447777000717
"Kenyatta Grant",,,,,00447777000993
"Jerrell Grimes",,,,,00447777000273
"Mollie Schuppe",,,,,00447777000682
"Abdul Smitham",,,,,00447777000101
"Forrest Kreiger",,,,,00447777000849
"Amara Hilll",,,,,00447777000194
"Laurine Dooley",,,,,00447777000279
"Alvena Mitchell",,,,,00447777000660
"Tyrique Lockman",,,,,00447777000585
"Marcelle Hammes",,,,,00447777000485
"Dr. Camden Mayert",,,,,00447777000311
"Dayton Jast",,,,,00447777000338
"Miss Elnora Gislason",,,,,00447777000752
"Asia Kihn",,,,,00447777000661
"Tom Dicki",,,,,00447777000323
"Cecilia Mills",,,,,00447777000230
"Ara Goyette",,,,,00447777000809
"Alfonzo Leannon",,,,,00447777000880
"Reina O'Kon",,,,,00447777000982
"Zoie Hegmann V",,,,,00447777000733
"Mrs. Arno Gutmann",,,,,00447777000934
"Miss Joanny Swift",,,,,00447777000354
"Alice Leffler",,,,,00447777000924
"Ottilie Stracke",,,,,00447777000881
"Ansley Greenfelder",,,,,00447777000748
"Elinore Lemke",,,,,00447777000834
"Alvah Kuphal",,,,,x00447777000838
"Nina Bernhard Jr.",,,,,00447777000424
"Jaime Conn",,,,,00447777000487
"Gabrielle Adams",,,,,00447777000735
"Virginie Graham",,,,,00447777000184
"Seth Gorczany",,,,,00447777000709
"Roosevelt Adams",,,,,00447777000361
"Geraldine Kshlerin",,,,,00447777000985
"Manuela Hodkiewicz",,,,,00447777000040
"Scottie Nader",,,,,00447777000290
"Ms. Ryder Sauer",,,,,00447777000262
"Jaydon Wisozk",,,,,00447777000112
"Albert Russel",,,,,00447777000854
"Reed Ebert",,,,,00447777000381
"Alaina Heaney",,,,,00447777000707
"Dr. Jody O'Conner",,,,,00447777000287
"Chesley Parker",,,,,00447777000245
"Gus Barton",,,,,00447777000216
"Shania Schimmel V",,,,,00447777000252
"Nick Waelchi",,,,,00447777000541
"Bridie Fisher",,,,,00447777000149
"Estrella Toy",,,,,00447777000366
"Barbara Gislason",,,,,00447777000429
"Jamie Barton",,,,,00447777000203
"Lexi Nader",,,,,00447777000706
"Destini Ritchie PhD",,,,,00447777000580
"Mauricio Rowe",,,,,x00447777000458
"Olga Funk",,,,,00447777000754
"Viva Hand",,,,,00447777000266
"Jeffrey Franecki",,,,,00447777000860
"Lucienne Howe",,,,,00447777000816
"Iliana Kris",,,,,00447777000555
"Vance Reynolds PhD",,,,,00447777000553
"Ali Hessel I",,,,,00447777000947
"Zechariah Harber",,,,,00447777000673
"Noemie Yost",,,,,00447777000967
"Coby Jones I",,,,,00447777000617
"Lessie Beier",,,,,00447777000932
"Bethany Kohler",,,,,00447777000587
"Vance Reynolds PhD",,,,,00447777000553
"Kasey Mayert",,,,,00447777000522
"Loy Bernier",,,,,00447777000699
"Clovis Pouros",,,,,00447777000042
"Ruthe Schneider",,,,,00447777000987
"Ludie Boyer II",,,,,00447777000129
"Beth Welch",,,,,00447777000416
"Marianne Weber",,,,,00447777000103
"Mr. Cooper Ward",,,,,00447777000662
"Dena Balistreri",,,,,00447777000254
"Shakira Okuneva Jr.",,,,,00447777000780
"Carey Jerde",,,,,00447777000516
"Destany Hills",,,,,00447777000952
"Katelyn Tromp",,,,,00447777000259
"Rosario Quigley",,,,,00447777000813
"Sterling Rohan",,,,,00447777000115
"Dr. Verda Shields",,,,,00447777000746
"Orie Macejkovic",,,,,00447777000397
"Malachi Streich",,,,,00447777000789
"Ethel Kihn",,,,,00447777000300
"Macie Hermiston",,,,,00447777000978
"Joyce Boehm",,,,,00447777000630
"Nasir Bruen III",,,,,00447777000781
"Destiny Kilback",,,,,00447777000694
"Beverly Hayes",,,,,00447777000598
"Armani Skiles",,,,,00447777000691
"Aidan Leannon",,,,,00447777000665
"Laney Haag",,,,,00447777000469
"Mr. Kaleb Heller",,,,,00447777000530
"Helga Ruecker",,,,,00447777000964
"Rowena Balistreri",,,,,00447777000929
"Mariano Kuhic",,,,,00447777000130
"Betsy Hansen",,,,,00447777000848
"Gladys Rohan V",,,,,00447777000615
"Crystel Harber",,,,,00447777000249
"Ivah Sawayn",,,,,00447777000208
"Mr. Samanta Kunze",,,,,00447777000544
"Etha Kuvalis DDS",,,,,00447777000521
"Rhoda Purdy",,,,,00447777000332
"Arvel Hegmann",,,,,00447777000739
"Maddison Erdman",,,,,00447777000909
"Gerald Koch",,,,,00447777000227
"Mr. Casey Bailey",,,,,00447777000607
"Ignacio Jones",,,,,00447777000851
"Elva Cummerata",,,,,00447777000077
"Annetta Hilll DVM",,,,,00447777000769
"Rubie Schimmel",,,,,00447777000554
"Tamia Schmitt",,,,,00447777000820
"Ruthe Kiehn",,,,,00447777000743
"Collin Fadel",,,,,00447777000225
"Belle Gorczany",,,,,00447777000122
"Sydnee McLaughlin",,,,,00447777000833
"Vladimir Miller",,,,,00447777000845
"Mr. Summer Ruecker",,,,,00447777000083
"Kianna Swaniawski",,,,,00447777000807
"Sylvester Walsh",,,,,00447777000523
"Emmanuelle Metz",,,,,00447777000309
"Francisco Graham",,,,,00447777000949
"Mollie Wyman",,,,,00447777000050
"Alexander Goodwin",,,,,00447777000597
"Arely Ryan",,,,,00447777000179
"Diana Rempel",,,,,00447777000495
"Dr. Major Runolfsson",,,,,00447777000441
"Jay Renner",,,,,00447777000559
"Santos Yost",,,,,00447777000200
"Issac Kihn",,,,,00447777000984
"Albina Wunsch",,,,,00447777000663
"Chyna Schiller",,,,,00447777000141
"Palma Kuphal",,,,,00447777000861
"Freeda Kuhn",,,,,00447777000018
"Deshawn Cummings",,,,,00447777000895
"Miss Ibrahim Murphy",,,,,00447777000643
"Jules Kling",,,,,00447777000396
"Leonie Morissette",,,,,00447777000284
"Doris Wisozk",,,,,00447777000773
"Arnold Mraz",,,,,00447777000353
"Bailey Fadel",,,,,00447777000365
"Libbie Olson",,,,,00447777000695
"Donna Mayer III",,,,,00447777000728
"Nikko Spinka",,,,,00447777000506
"Doyle Heller",,,,,00447777000936
"Rebecca Pagac",,,,,00447777000938
"Dr. Myrtie Koch",,,,,00447777000398
"Audra Wehner",,,,,00447777000298
"Izaiah Jerde",,,,,00447777000646
"Richie Donnelly",,,,,00447777000048
"Miss Aisha Ward",,,,,00447777000188
"Vella Barton",,,,,00447777000980
"Sheridan Nitzsche",,,,,00447777000864
"Niko Cummings II",,,,,00447777000847
"Leonor Rosenbaum",,,,,00447777000581
"Meta Stracke",,,,,00447777000632
"Mrs. Hertha Becker",,,,,00447777000720
"Aleen Mraz III",,,,,00447777000153
"Vena Schimmel",,,,,00447777000818
"Aurelie Larkin",,,,,00447777000117
"Jared Botsford",,,,,00447777000583
"Cathrine Ryan",,,,,x00447777000971
"Emory Dibbert",,,,,00447777000175
"Ollie Lebsack",,,,,00447777000758
"Stone Hegmann",,,,,00447777000676
"Levi Heathcote",,,,,00447777000342
"Ernestina Mohr",,,,,00447777000159
"Haylie Bogan",,,,,00447777000915
"Glen Welch",,,,,00447777000344
"Lisandro Mante",,,,,00447777000033
"Emery Hills Jr.",,,,,00447777000032
"Ervin Dooley",,,,,00447777000425
"Reed Farrell",,,,,00447777000921
"Oliver Walsh",,,,,00447777000940
"Adele Breitenberg",,,,,00447777000031
"Damien Frami",,,,,00447777000678
"Samson Effertz",,,,,00447777000973
"Isom Waters",,,,,00447777000199
"Theodore Goldner",,,,,00447777000133
"Duane Murphy I",,,,,00447777000106
"Buster Bogisich",,,,,00447777000926
"Misael Schulist",,,,,00447777000874
"Jocelyn Wisozk",,,,,00447777000389
"Clemmie Green",,,,,00447777000885
"Arnoldo Tillman I",,,,,00447777000867
"Orlo Monahan",,,,,00447777000729
"Raphaelle Balistreri",,,,,00447777000024
"Guadalupe Schoen",,,,,00447777000233
"Rico Casper",,,,,00447777000321
"Elmo Cruickshank",,,,,00447777000960
"Flavie Schinner",,,,,00447777000085
"Dr. Brandyn Nicolas",,,,,00447777000256
"Tavares Swift PhD",,,,,00447777000292
"Jo Daniel",,,,,00447777000108
"Myrtle Nolan PhD",,,,,00447777000096
"Chet Zboncak",,,,,00447777000110
"Aletha Kuhn DVM",,,,,00447777000468
"Bertrand Goldner",,,,,00447777000355
"Quincy Ondricka",,,,,00447777000445
"Cloyd O'Reilly",,,,,00447777000019
"Saul O'Keefe",,,,,00447777000756
"Boyd Jacobi",,,,,00447777000251
"Jerel Anderson",,,,,00447777000866
"Kristin Leffler",,,,,00447777000611
"Terrell Abernathy",,,,,00447777000193
"Troy Torphy",,,,,00447777000681
"Kassandra Bahringer",,,,,00447777000319
"Miss Amari Runolfsdottir",,,,,00447777000182
"Shea Nader",,,,,00447777000508
"Kole Bartoletti",,,,,00447777000564
"Belle Beatty",,,,,00447777000550
"Otho Marks",,,,,00447777000672
"Freeman Borer",,,,,00447777000951
"Alfonzo Halvorson",,,,,00447777000221
"Max Raynor",,,,,00447777000037
"Edmond Doyle",,,,,00447777000602
"Jimmie Champlin",,,,,00447777000075
"Frida Conroy",,,,,00447777000474
"Lyla Mayert",,,,,00447777000126
"Mozell Grant Jr.",,,,,00447777000852
"Beaulah Goyette",,,,,00447777000058
"Percival Prohaska",,,,,00447777000283
"Rosanna Hyatt",,,,,00447777000627
"Rachel Conroy",,,,,00447777000220
"Emmanuelle Rau",,,,,00447777000229
"Elenor Moen Sr.",,,,,00447777000030
"Royce Grady DVM",,,,,00447777000258
"Tremayne Dare",,,,,00447777000369
"Paige Cummings",,,,,00447777000935
"Ms. Abdul Frami",,,,,00447777000832
"Hubert Ruecker Sr.",,,,,00447777000281
"Elda Mueller",,,,,00447777000329
"Jess Runte",,,,,00447777000124
"Gilda Hills",,,,,00447777000276
"Treva Schultz",,,,,00447777000830
"Miss Alessandro Metz",,,,,00447777000614
"Ubaldo Tremblay",,,,,00447777000324
"Aylin Crona",,,,,00447777000933
"Carlee Terry",,,,,00447777000339
"Ottilie Buckridge",,,,,00447777000465
"Alaina Christiansen",,,,,00447777000826
"Salvatore Quitzon",,,,,00447777000412
"Ettie Ernser",,,,,00447777000667
"Martin Wolf",,,,,00447777000448
"Esta Torphy",,,,,00447777000568
"Bernard Quitzon",,,,,00447777000207
"Alexandro Shields",,,,,00447777000113
"Stewart Nolan",,,,,00447777000345
"Miss Davonte Boehm",,,,,00447777000408
"Gerry Doyle",,,,,00447777000846
"Jordon Grady",,,,,00447777000392
"Kitty Prosacco",,,,,00447777000509
"Kane Lubowitz",,,,,00447777000677
"Fred Wolff",,,,,00447777000802
"Marietta Quitzon",,,,,00447777000250
"Shanna Homenick",,,,,00447777000842
"Karine Heathcote",,,,,00447777000231
"Ryley Hansen",,,,,00447777000434
"Meta Harvey",,,,,00447777000419
"Hosea Rogahn",,,,,00447777000218
"Adrien Miller",,,,,00447777000375
"Gloria Hickle II",,,,,00447777000430
"Roman Littel",,,,,00447777000975
"Duncan Bauch",,,,,00447777000737
"Korbin Gulgowski",,,,,00447777000922
"Ellen Auer",,,,,00447777000745
"Dimitri Kub",,,,,00447777000911
"Lexi Durgan DVM",,,,,00447777000839
"Ross White",,,,,00447777000731
"Chaya Cole",,,,,00447777000137
"Mr. Caterina Grady",,,,,00447777000524
"Mazie Lockman",,,,,00447777000490
"Lily Strosin",,,,,00447777000330
"Linwood Murphy",,,,,00447777000432
"Mollie Wyman",,,,,00447777000050
"Avis Windler",,,,,00447777000858
"Rodrick Jacobson DVM",,,,,00447777000160
"Aiden Runte",,,,,00447777000589
"Heath Wisozk",,,,,00447777000377
"Mrs. Hertha Becker",,,,,00447777000720
"Mr. Talon Buckridge",,,,,00447777000586
"Leola O'Hara",,,,,00447777000356
"Nikko Stiedemann",,,,,00447777000388
"Christiana Watsica",,,,,00447777000850
"Mr. Brisa Hoeger",,,,,00447777000594
"Vivien Little",,,,,00447777000721
"Jerome Crist",,,,,00447777000518
"Adrianna Bednar",,,,,00447777000059
"Luna Sipes",,,,,00447777000620
"Aubree Heathcote",,,,,00447777000395
"Josiane McGlynn",,,,,00447777000088
"Charlene Parisian",,,,,00447777000761
"Yvette Hoppe",,,,,00447777000992
"Gilda Roob",,,,,00447777000775
"Fatima Schimmel",,,,,00447777000373
"Demarco Gulgowski",,,,,00447777000038
"Maritza Ryan",,,,,00447777000953
"Josefa Powlowski",,,,,00447777000965
"Marina Bogan",,,,,00447777000605
"Marlen McLaughlin",,,,,00447777000877
"Dena McKenzie",,,,,00447777000034
"Katarina Gerhold Jr.",,,,,00447777000045
"Ms. Elody Rau",,,,,00447777000046
"Al Hagenes DDS",,,,,00447777000350
"Dr. Amanda Kertzmann",,,,,00447777000267
"Esperanza Bins",,,,,00447777000690
"Michaela Block",,,,,00447777000466
"Charley Conn",,,,,00447777000349
"Cassandre Kuphal",,,,,00447777000634
"Damian Gutmann",,,,,00447777000164
"Dr. Camden Mayert",,,,,00447777000311
"Tyrell Schroeder",,,,,00447777000035
"Schuyler Kris",,,,,00447777000093
"Mr. Carmen Daniel",,,,,00447777000340
"Logan Reynolds",,,,,00447777000236
"Malvina Lakin",,,,,00447777000181
"Ms. River Ernser",,,,,00447777000315
"Jamarcus Nikolaus",,,,,00447777000012
"Clara Lakin",,,,,00447777000325
"Shaina Roberts",,,,,00447777000599
"Matilda Oberbrunner",,,,,00447777000414
"Aditya Larkin",,,,,00447777000805
"Shirley Senger",,,,,00447777000411
"Augusta Zulauf",,,,,00447777000575
"Vanessa Pfeffer",,,,,00447777000778
"Wyatt Jakubowski",,,,,00447777000403
"Mrs. Lillian Wuckert",,,,,00447777000443
"Clint Hermann",,,,,00447777000793
"Mrs. Abigale Stamm",,,,,00447777000919
"Mrs. Conor Lang",,,,,00447777000939
"Mrs. Rigoberto White",,,,,00447777000044
"Miss Reuben Bogisich",,,,,00447777000022
"Arely Hane",,,,,00447777000503
"Macey Strosin",,,,,00447777000435
"Arnoldo Streich",,,,,00447777000882
"Billy Wolf",,,,,00447777000600
"Yazmin Kilback",,,,,00447777000499
"Gina Murray PhD",,,,,00447777000372
"Neal Heaney",,,,,00447777000301
"Hailee Mante",,,,,00447777000916
"Mandy Effertz",,,,,00447777000417
"Earnestine Considine",,,,,00447777000201
"Dee Ebert",,,,,00447777000692
"Alford Botsford",,,,,00447777000937
"Sheldon Bergnaum",,,,,00447777000925
"Evan Haley",,,,,00447777000666
"Mrs. Earl Fahey",,,,,00447777000688
"Keven Koepp",,,,,00447777000224
"Laurine Dooley",,,,,00447777000279
"Troy Kassulke",,,,,00447777000449
"Haven Pfeffer Sr.",,,,,00447777000195
"Omer Macejkovic III",,,,,00447777000014
"Mrs. Joany Okuneva",,,,,00447777000190
"Julien Bahringer",,,,,00447777000683
"Harry Rolfson",,,,,00447777000187
"Jonas Kihn",,,,,00447777000053
"Marques Ziemann",,,,,00447777000970
"Tyrell King",,,,,00447777000814
"Clyde Mraz",,,,,00447777000204
"Lillian Simonis",,,,,00447777000374
"Destin Boyle",,,,,00447777000055
"Carolyne Fahey",,,,,00447777000210
"Meta Harvey",,,,,00447777000419
"Alice Harris",,,,,00447777000730
"Carmen Kassulke",,,,,00447777000394
"Devan O'Reilly",,,,,00447777000741
"Antwan Mueller Jr.",,,,,00447777000165
"Queenie Buckridge",,,,,00447777000243
"Adriel Keeling",,,,,00447777000099
"Teresa Morar",,,,,00447777000470
"Darryl Leffler",,,,,00447777000876
"Gustave Hilll",,,,,00447777000151
"Roslyn Kerluke",,,,,00447777000367
"Reggie Graham",,,,,00447777000091
"Ms. Kacey Reichert",,,,,00447777000552
"David Quitzon",,,,,00447777000645
"Jayne Wiza",,,,,00447777000592
"Shakira Botsford",,,,,00447777000289
"Chesley Friesen",,,,,00447777000454
"Marlen McLaughlin",,,,,00447777000877
"Estevan Cronin",,,,,00447777000291
"Bruce O'Conner",,,,,00447777000008
"Ike Morar",,,,,00447777000792
"Garth Senger",,,,,00447777000316
"Jerrod Weissnat",,,,,00447777000025
"Forrest Kreiger",,,,,00447777000849
"Mr. Eldon Kemmer",,,,,00447777000519
"May Medhurst",,,,,00447777000134
"Cloyd Wehner",,,,,00447777000538
"Noe Mayer",,,,,00447777000930
"Miss King Rippin",,,,,00447777000475
"Everette O'Keefe Jr.",,,,,00447777000239
"Dan Braun",,,,,00447777000920
"Emile Murray",,,,,00447777000828
"Ariane Kassulke Jr.",,,,,00447777000415
"Donald Nitzsche",,,,,00447777000056
"Rosalee Shanahan",,,,,00447777000593
"Alaina Littel",,,,,00447777000726
"Eveline Schneider",,,,,00447777000803
"Charlotte Armstrong",,,,,00447777000011
"Tatyana Balistreri Sr.",,,,,00447777000543
"Ernesto Rolfson",,,,,00447777000977
"Beverly Hayes",,,,,00447777000598
"Dr. Gaston Schmitt",,,,,00447777000566
"Katrine Feil",,,,,00447777000687
"Jaclyn Torp",,,,,00447777000079
"Clark O'Reilly",,,,,00447777000334
"Sheridan Krajcik",,,,,00447777000923
"Leif Williamson",,,,,00447777000897
"Mollie Wyman",,,,,00447777000050
"Lessie Ziemann",,,,,00447777000886
"Glenna Littel",,,,,00447777000191
"Javon Heller",,,,,00447777000041
"Cleora Fritsch",,,,,00447777000616
"Nathaniel Rodriguez",,,,,00447777000406
"Dorris Wehner",,,,,x00447777000883
"Gregoria O'Keefe",,,,,00447777000808
"Miss Terrence Dicki",,,,,00447777000217
"Dr. Pete Gorczany",,,,,00447777000740
"Mrs. Eloy Wuckert",,,,,00447777000174
"Lela Upton",,,,,00447777000959
"Daren Sanford",,,,,00447777000386
"Jerel Osinski",,,,,00447777000472
"Zena Farrell",,,,,00447777000004
"Joel Kertzmann",,,,,00447777000798
"Lenna Schumm",,,,,00447777000725
"Webster Mills",,,,,00447777000898
"Amira Jenkins",,,,,00447777000327
"Theresa Wilkinson",,,,,00447777000963
"Karianne Hamill",,,,,00447777000831
"Cale Klocko",,,,,00447777000057
"Kirstin Stehr",,,,,00447777000003
"Henri Vandervort",,,,,00447777000537
"Meagan Kohler",,,,,00447777000285
"Luis Bednar",,,,,00447777000352
"Elvie Howell",,,,,00447777000765
"Kelvin Fritsch I",,,,,00447777000991
"Ilene Gibson",,,,,00447777000504
"Lenora Heller",,,,,00447777000565
"Immanuel Mosciski",,,,,00447777000226
"Ms. Briana Bergnaum",,,,,00447777000094
"Adele Runte",,,,,00447777000875
"Jeanne Ward IV",,,,,00447777000082
"Ms. Burley Nikolaus",,,,,00447777000956
"Margie Keeling",,,,,00447777000755
"Kevon Russel",,,,,00447777000582
"Nicole Collins",,,,,00447777000606
"Janick Mayert",,,,,00447777000461
"Roslyn Pagac",,,,,00447777000536
"Alva Wilkinson",,,,,00447777000261
"Giles Ledner",,,,,00447777000715
"Lizzie Koepp",,,,,00447777000751
"Mr. Jace Murray",,,,,00447777000652
"Caterina Grant",,,,,00447777000815
"Santos Yost",,,,,00447777000200
"Lourdes Mertz",,,,,00447777000685
"Henri Hilpert DDS",,,,,00447777000431
"Deborah Kerluke",,,,,00447777000910
"Laverne Klein",,,,,00447777000904
"Catharine Fay",,,,,00447777000863
"Kory Hudson",,,,,00447777000308
"Camille Bednar Sr.",,,,,00447777000704
"Keely Kreiger",,,,,00447777000976
"Alexa Purdy",,,,,00447777000069
"Pedro Bogan V",,,,,00447777000972
"Tillman Hackett",,,,,00447777000698
"Abdul Zieme",,,,,00447777000118
"Shawna Collier",,,,,00447777000689
"Lilly Corwin II",,,,,00447777000426
"Tom Kuphal",,,,,00447777000941
"Elvie Quitzon",,,,,00447777000810
"Kassandra Denesik",,,,,00447777000653
"Mr. Belle Wilkinson",,,,,00447777000569
"Kay Baumbach",,,,,00447777000444
"Hollis Gulgowski",,,,,00447777000371
"Jarrett Langosh",,,,,00447777000114
"Devan Simonis",,,,,00447777000684
"Earnest Parisian",,,,,00447777000128
"Kamren Huel DVM",,,,,00447777000464
"Eric Terry",,,,,00447777000212
"Gunner Ullrich",,,,,00447777000840
"Mathilde Waelchi",,,,,00447777000603
"Miguel Rice",,,,,00447777000087
"Mrs. Beatrice Bergstrom",,,,,00447777000219
"Felicia Ernser",,,,,00447777000026
"Savannah Turcotte Sr.",,,,,00447777000346
"Miss Stacey Schroeder",,,,,00447777000705
"Carlie Wyman",,,,,00447777000811
"Joseph Quigley",,,,,00447777000700
"Asia Nader I",,,,,00447777000497
"Fermin Jenkins",,,,,00447777000098
"Ms. Carlotta Kovacek",,,,,00447777000206
"Ms. Oran Stark",,,,,00447777000483
"Aniyah Christiansen V",,,,,00447777000613
"Melvina Haag",,,,,00447777000931
"Ward Jenkins",,,,,00447777000270
"Eva Bruen",,,,,00447777000070
"Kenton Ullrich",,,,,00447777000527
"Claudie Dare",,,,,00447777000788
"Jaylan Wisoky",,,,,00447777000969
"Lonzo West",,,,,00447777000535
"Tyler Bruen",,,,,00447777000577
"Berenice Koch",,,,,00447777000571
"Edwina Koepp IV",,,,,00447777000376
"Omari Denesik",,,,,00447777000198
"Wava Botsford",,,,,00447777000401
"Ivah Glover",,,,,00447777000719
"Mrs. Joan Gleichner",,,,,00447777000995
"Yazmin Roberts",,,,,00447777000843
"Diamond Christiansen",,,,,00447777000451
"Mrs. Camden Bahringer",,,,,00447777000868
"Mr. Kevin Champlin",,,,,00447777000148
"Mustafa Blanda",,,,,00447777000064
"Name Grady",,,,,00447777000545
"Haylie Bernier",,,,,00447777000753
"Nicole Baumbach",,,,,00447777000384
"Rashawn Gutkowski",,,,,00447777000604
"Cynthia Bergnaum",,,,,00447777000823
"Lilyan Stroman",,,,,x00447777000102
"Kaleb Nicolas",,,,,00447777000061
"Fidel King",,,,,00447777000641
"Ariel Braun",,,,,00447777000532
"Lew Predovic",,,,,00447777000072
"Gregory Kulas",,,,,00447777000774
"Abagail Fay",,,,,00447777000668
"Daryl Blick",,,,,00447777000819
"Shane Ruecker",,,,,00447777000049
"Christiana Prosacco I",,,,,00447777000998
"Armani Spinka",,,,,00447777000595
"Madaline Kub",,,,,00447777000477
"Cortney D'Amore",,,,,00447777000654
"Samson Stroman",,,,,00447777000382
"Mr. Armando Labadie",,,,,00447777000989
"Georgianna Rowe",,,,,00447777000152
"Guadalupe Schoen",,,,,00447777000233
"Jarrell Murazik",,,,,00447777000320
"Mrs. Forrest Shields",,,,,00447777000844
"Mr. Gene Kozey",,,,,00447777000800
"Enoch Roob",,,,,00447777000496
"Dr. Lance Gleichner",,,,,00447777000370
"Macy Kassulke",,,,,00447777000405
"Adele Champlin",,,,,00447777000762
"Mrs. Imelda Bogisich",,,,,00447777000185
"Leonora Koch",,,,,00447777000234
"Alana Daniel",,,,,00447777000609
"Ruthie Kassulke",,,,,00447777000147
"Hope Langosh",,,,,00447777000016
"Eric Terry",,,,,00447777000212
"Julius Torphy",,,,,00447777000997
"Nyah Zieme",,,,,00447777000500
"Scottie Corkery Sr.",,,,,00447777000716
"Americo O'Reilly",,,,,00447777000400
"Yoshiko Keeling",,,,,00447777000178
"Trudie Keebler",,,,,00447777000197
"Queen Lueilwitz",,,,,00447777000232
"Annie Padberg",,,,,00447777000119
"Zora Raynor",,,,,00447777000269
"Wilbert Braun",,,,,00447777000460
"Jenifer Macejkovic",,,,,00447777000888
"Danial Heaney",,,,,00447777000640
"Dale Effertz",,,,,00447777000168
"Mrs. Christy Cummerata",,,,,00447777000990
"Wendell Abbott",,,,,00447777000140
"Estefania Krajcik",,,,,00447777000486
"Reagan Sporer",,,,,00447777000907
"Dwight Brown",,,,,00447777000988
"Mrs. Jewel Hane",,,,,00447777000561
"Kasandra Kihn",,,,,00447777000502
"Ms. Lizeth Hermann",,,,,00447777000176
"Aaliyah Stehr",,,,,00447777000572
"Seamus Hauck MD",,,,,00447777000750
"Sofia Pacocha",,,,,00447777000154
"Camille Wuckert DDS",,,,,00447777000512
"Dr. Emmy Goyette",,,,,00447777000123
"Andre Baumbach",,,,,00447777000183
"Lavonne Powlowski",,,,,00447777000479
"Dr. Elvera Reilly",,,,,00447777000305
"Keely Simonis MD",,,,,00447777000007
"Mrs. Wilmer Schuppe",,,,,00447777000578
"Miss Foster Bogan",,,,,00447777000944
"Alberto Hermann",,,,,00447777000288
"Cesar Koepp IV",,,,,00447777000827
"Julia Ziemann",,,,,00447777000787
"Reynold Osinski",,,,,00447777000718
"Jeffery Pfannerstill",,,,,00447777000293
"Mohammed Hane",,,,,00447777000439
"Dr. Lola Mraz",,,,,00447777000333
"Brenden Batz",,,,,00447777000476
"Brant Ernser",,,,,00447777000029
"Russell Murray",,,,,00447777000459
"Yvette Howell",,,,,00447777000347
"Frederik Zieme",,,,,00447777000896
"Hilton Hammes",,,,,00447777000526
"Kay Kilback",,,,,00447777000410
"Gail Jaskolski",,,,,00447777000608
"Bobbie Orn",,,,,00447777000961
"Woodrow Schiller",,,,,00447777000413
"Ebony Waters",,,,,00447777000899
"Waino Waters Sr.",,,,,00447777000563
"Agustina Bashirian",,,,,00447777000080
"Mrs. Oma Schroeder",,,,,00447777000908
"Keyon Torphy",,,,,00447777000879
"Dayne Reichert",,,,,00447777000155
"Danial Heaney",,,,,00447777000640
"Britney Bradtke",,,,,00447777000514
"Joesph Cormier",,,,,00447777000136
"Romaine Jacobson",,,,,00447777000856
"Tia Sanford",,,,,00447777000945
"Laverna Cummings",,,,,00447777000943
"Raoul Johnston",,,,,00447777000078
"Nikolas Stamm PhD",,,,,00447777000795
"Brant Gerhold",,,,,00447777000089
"Tom Dicki",,,,,00447777000323
"Delmer Hudson",,,,,00447777000675
"Trent Daniel",,,,,00447777000760
"Sandy Corwin",,,,,00447777000801
"Sonya Baumbach",,,,,00447777000120
"Callie Deckow",,,,,00447777000065
"Francisca Grant",,,,,00447777000143
"Rahul Rempel PhD",,,,,00447777000422
"Wilfredo White",,,,,00447777000189
"Mrs. Velva Bernier",,,,,00447777000393
"Claudie Brekke",,,,,00447777000105
"Lou Spinka",,,,,00447777000548
"Agnes Christiansen",,,,,00447777000337
"Rashawn Koelpin",,,,,00447777000447
"Ms. Mellie Schaefer",,,,,00447777000275
"Bell Emmerich",,,,,00447777000635
"Cristal Rolfson",,,,,00447777000515
"Neha Thompson",,,,,00447777000779
"Taylor Hartmann",,,,,00447777000619
"Karli Runte",,,,,00447777000917
"Kiel Williamson",,,,,00447777000436
"Brendan Hermiston",,,,,00447777000913
"Bernadine Wisozk",,,,,00447777000784
"Stephon Mayer",,,,,00447777000390
"Danny Johns",,,,,00447777000456
"Gennaro Morar",,,,,00447777000326
"Manuela Kemmer",,,,,00447777000328
"Shanna Hahn",,,,,00447777000296
"Mrs. Andreanne Weimann",,,,,00447777000954
"Joy Weimann",,,,,00447777000000
"Bennett Jenkins II",,,,,00447777000020
"Jaylan Wisoky",,,,,00447777000969
"Precious Kuphal",,,,,00447777000423
"Ida Mayer",,,,,00447777000073
"Isaiah Roberts",,,,,00447777000588
"Einar Hartmann",,,,,00447777000268
"Chester Hayes",,,,,00447777000336
"Ahmad Howe",,,,,00447777000766
"Reinhold Walsh",,,,,00447777000295
"Jeffery Ward",,,,,00447777000306
"Ellis Marvin",,,,,00447777000303
"Gilda Hills",,,,,00447777000276
"Toy Prosacco II",,,,,00447777000238
"Freeda Prosacco",,,,,00447777000387
"Carolyne O'Reilly",,,,,00447777000100
"Urban McGlynn",,,,,00447777000905
"Maddison Simonis",,,,,00447777000510
"Noelia Feeney",,,,,00447777000023
"Maryjane Spencer",,,,,00447777000158
"Dr. Percy Herzog",,,,,00447777000348
"Christine Waelchi",,,,,00447777000047
"Rhoda Kshlerin",,,,,00447777000428
"Albertha Beer",,,,,00447777000697
"Kyra Hoeger",,,,,00447777000240
"Kale Wisozk",,,,,00447777000450
"Susan Hyatt DDS",,,,,00447777000621
"Adriana Hintz",,,,,00447777000950
"Stephon Hermann",,,,,00447777000558
"Gilberto McClure III",,,,,00447777000015
"Heidi Stroman",,,,,00447777000738
"Miss Amara Ullrich",,,,,00447777000480
"Jacynthe Kassulke",,,,,00447777000066
"Josiane Schmitt II",,,,,00447777000010
"Tiffany Collins",,,,,00447777000116
"Emerald Bruen",,,,,00447777000399
"Mr. Alisha Quitzon",,,,,00447777000157
"Miss Lilian Bogan",,,,,00447777000955
"Mr. Alessandra Rowe",,,,,00447777000884
"Angel Windler",,,,,00447777000005
"Lorenz Ward",,,,,00447777000138
"Lorena O'Keefe",,,,,00447777000764
"Bill McLaughlin MD",,,,,00447777000196
"Lorenz Ward",,,,,00447777000138
"Lydia Abernathy",,,,,00447777000562
"Jared Koss",,,,,00447777000626
"Cristobal Rosenbaum PhD",,,,,00447777000701
"Dr. Ramona Lakin",,,,,00447777000981
"Royal Frami",,,,,00447777000714
"Ms. Leopold Lakin",,,,,00447777000132
"Mafalda Collins II",,,,,00447777000859
"Sienna Russel",,,,,00447777000489
"Diamond Christiansen",,,,,00447777000451
"Scottie Kuhlman",,,,,00447777000142
"Ludwig Gorczany",,,,,00447777000248
"Rey Dach",,,,,00447777000946
"Guido Kiehn",,,,,00447777000708
"Jarret Harvey",,,,,00447777000912
"Jailyn Jones DDS",,,,,00447777000511
"Dedrick Abbott",,,,,00447777000433
"Dorcas Schmeler",,,,,00447777000942
"Miss Noe Parker",,,,,00447777000084
"Hollis Altenwerth",,,,,00447777000637
"Brisa Howell",,,,,00447777000463
"Donnell Okuneva Jr.",,,,,00447777000331
"Kiel Greenfelder",,,,,00447777000857
"Reed Emard",,,,,00447777000812
"Mrs. Skyla Boehm",,,,,00447777000076
"Arnaldo Volkman",,,,,00447777000633
"Brisa Howell",,,,,00447777000463
"Monroe Price",,,,,00447777000776
"Reed Thompson III",,,,,00447777000491
"Mr. Donald Trantow",,,,,00447777000900
"Lambert Cronin",,,,,00447777000383
"Jaquelin Pfeffer",,,,,00447777000095
"Camilla Morar DDS",,,,,00447777000362
"Diamond Christiansen",,,,,00447777000451
"Bradford Fritsch",,,,,x00447777000222
"Vaughn Bernier",,,,,00447777000579
"Maud Gottlieb I",,,,,00447777000625
"Mrs. Antonia Lebsack",,,,,00447777000186
"Conner Sanford",,,,,00447777000359
"Daija Friesen",,,,,00447777000247
"Ettie Batz",,,,,00447777000111
"Roxanne King",,,,,x00447777000169
"Abdiel Hudson",,,,,00447777000821
"Terence O'Connell",,,,,00447777000649
"Beatrice Wehner",,,,,x00447777000841
"Meggie Conn",,,,,00447777000644
"Rodrick Rodriguez",,,,,00447777000785
"Shemar Donnelly",,,,,00447777000794
"Chadd Bosco",,,,,00447777000241
"Miss Tara Hartmann",,,,,00447777000893
"Mr. Verona Kling",,,,,00447777000968
"Lacy Tremblay",,,,,00447777000825
"Kamille Simonis",,,,,00447777000402
"Ewell Shanahan",,,,,00447777000271
"Jany Nolan",,,,,00447777000145
"Kiera Mosciski",,,,,00447777000302
"Samantha Watsica",,,,,00447777000958
"Mr. Vladimir Cremin",,,,,00447777000804
"Mrs. Imelda Bogisich",,,,,00447777000185
"Roger Tremblay",,,,,00447777000343
"Ceasar Beahan",,,,,00447777000636
"Zakary Legros",,,,,00447777000167
"Jonatan Lynch",,,,,00447777000539
"Freeman Borer",,,,,00447777000951
"Douglas Lemke",,,,,00447777000492
"Geovanni Hodkiewicz IV",,,,,00447777000648
"Creola Doyle",,,,,00447777000734
"Odessa Larkin",,,,,00447777000478
"Miss Janet Stokes",,,,,00447777000363
"Keven Kub",,,,,00447777000351
"Elta Ledner",,,,,00447777000658
"Darrell Hahn",,,,,00447777000873
"Arnulfo Larson",,,,,00447777000736
"Burley Beahan",,,,,00447777000507
"Alana Mayert",,,,,00447777000556
"Finn Cole II",,,,,00447777000817
"Earl Russel Jr.",,,,,00447777000887
"Mose Fritsch",,,,,00447777000209
"Bailee Gottlieb",,,,,00447777000146
"Miss Kaleigh Reilly",,,,,00447777000438
"Loyal Murazik",,,,,00447777000647
"Alvah Borer",,,,,00447777000534
"Joyce Hettinger",,,,,00447777000722
"Santos Heller",,,,,00447777000009
"Lonie Weissnat III",,,,,00447777000498
"Mrs. Flossie Padberg",,,,,00447777000272
"Ms. Lucinda O'Keefe",,,,,00447777000028
"Ernestina Simonis",,,,,00447777000870
"Louvenia Wuckert",,,,,00447777000799
"Teagan Purdy Jr.",,,,,00447777000027
"Maia Lang",,,,,00447777000655
"Claire VonRueden",,,,,00447777000404
"Lavina Hudson",,,,,00447777000144
"Jaiden Weber",,,,,00447777000202
"Dr. Paul Cartwright",,,,,00447777000727
"Marcelle Stoltenberg",,,,,00447777000763
"Arnaldo Fay",,,,,00447777000505
"Joshua Jaskolski",,,,,00447777000918
"Zora Zboncak",,,,,00447777000703
"Priscilla Luettgen",,,,,00447777000063
"Jeanne Johns",,,,,00447777000264
"Cathryn Stoltenberg",,,,,00447777000892
"Yolanda Labadie",,,,,00447777000286
"Lester Little",,,,,00447777000067
"Kelley Erdman MD",,,,,00447777000712
"Ethan Auer",,,,,00447777000711
"Ms. Antonietta Kilback",,,,,00447777000590
"Marianna Jones",,,,,00447777000584
"Dee Christiansen Sr.",,,,,00447777000257
"Candida Sipes",,,,,00447777000670
"Rowena Bahringer IV",,,,,00447777000835
"Perry Cole",,,,,00447777000297
"Russel O'Reilly",,,,,00447777000525
"Breanne Bins",,,,,00447777000702
"Wava Schumm",,,,,00447777000631
"Jerrold Harris V",,,,,00447777000796
"Heber Sawayn",,,,,00447777000928
"Hans Shanahan",,,,,00447777000036
"Milford Crist",,,,,00447777000638
"Granville Blanda",,,,,00447777000166
"Daphney Heidenreich",,,,,00447777000791
"Ariane Turcotte DDS",,,,,00447777000173
"Cedrick Kub",,,,,00447777000547
"Jayson Shanahan",,,,,00447777000205
"Aurelie Greenfelder",,,,,00447777000172
"Ernesto Legros",,,,,00447777000310
"Nigel King",,,,,00447777000467
"Penelope Jaskolski",,,,,00447777000421
"Eino Klocko",,,,,00447777000407
"Darryl Wunsch",,,,,00447777000442
"Emile Ernser",,,,,00447777000671
"Rodrick Klocko",,,,,00447777000533
"Eula Padberg",,,,,00447777000596
"Ariane Sauer",,,,,00447777000357
"Dan Streich",,,,,00447777000902
"Meta Ankunding",,,,,00447777000669
"Ansley Lind",,,,,00447777000452
"Humberto Larkin",,,,,00447777000139
"Vladimir Kautzer DVM",,,,,00447777000127
"Mr. Jacinto Conroy",,,,,00447777000986
"Kenton Renner",,,,,00447777000723
"June Pfeffer",,,,,00447777000639
"Lon Jaskolski",,,,,00447777000710
"Scot Thiel",,,,,00447777000650
"Woodrow Pagac",,,,,00447777000237
"Helena Koss MD",,,,,00447777000335
"Ulices Bashirian",,,,,00447777000380
"Derrick Price",,,,,00447777000131
"Lizeth Auer",,,,,00447777000294
"Arne Pollich",,,,,00447777000097
"Elise Beier",,,,,00447777000358
"Zora Toy",,,,,00447777000622
"Dr. Eleanora O'Keefe",,,,,00447777000853
"Geraldine Hahn",,,,,00447777000549
"Karson Ernser",,,,,00447777000871
"Kane Lubowitz",,,,,00447777000677
"Dr. Evalyn Schaefer",,,,,00447777000770
"Fern Wiegand V",,,,,00447777000528
"Alexie Lang",,,,,00447777000107
"Elinore Stokes",,,,,00447777000052
"Toy Dooley",,,,,00447777000255
"Aglae Ritchie",,,,,00447777000927
"Flo Raynor",,,,,00447777000822
"Weldon Prohaska",,,,,00447777000501
"Kianna Schamberger",,,,,00447777000782
"Wanda Carroll",,,,,00447777000121
"Mrs. Cara Deckow",,,,,00447777000277
"Carroll Hyatt",,,,,00447777000002
"Roslyn Kerluke",,,,,00447777000367
"Aiyana Prosacco IV",,,,,00447777000772
"Lavon Altenwerth I",,,,,00447777000156
"Grayson Marvin",,,,,00447777000674
"Mollie Klein",,,,,00447777000651
"Lucio Stracke",,,,,00447777000482
"Khalid Kuphal",,,,,00447777000724
"Elza Kling",,,,,00447777000282
"Brandyn Nicolas",,,,,00447777000757
"Zion Emmerich",,,,,00447777000513
"Jackson Ryan IV",,,,,00447777000213
"Lucious Jacobs I",,,,,00447777000994
"Myriam Pfeffer",,,,,00447777000214
"Mohammed Dicki",,,,,00447777000484
"Treva Labadie",,,,,00447777000744
"Aletha Prohaska",,,,,00447777000790
"Torrey Hoeger",,,,,00447777000493
"Vivian Reynolds",,,,,00447777000378
"Gaston Mayer",,,,,00447777000862
"Cornelius Herman",,,,,00447777000996
"Titus Howell",,,,,00447777000628
"Max Kozey",,,,,00447777000962
"Leslie Crist",,,,,00447777000557
"Irwin Torphy Sr.",,,,,00447777000192
"Laurine Altenwerth DDS",,,,,x00447777000211
"Gisselle Miller",,,,,00447777000768
"Tremayne Dare",,,,,00447777000369
"Kenyon Kuhn",,,,,00447777000948
"Nestor Kozey",,,,,00447777000747
"Tito Lubowitz",,,,,00447777000869
"Sylvester Gulgowski",,,,,00447777000629
"Arielle Howell PhD",,,,,00447777000623
"Hubert Gutmann",,,,,00447777000713
"Tyrique Kessler",,,,,00447777000777
"Elise White",,,,,00447777000171
"Tatyana Rogahn IV",,,,,00447777000573
"Caitlyn Kshlerin",,,,,00447777000576
"Leonor Reinger",,,,,00447777000368
"Abbie Sporer",,,,,00447777000418
"Reilly Mueller",,,,,00447777000051
"Gene Bins DDS",,,,,00447777000618
"Aaron McKenzie",,,,,00447777000086
"Evangeline Kirlin",,,,,00447777000244
"Kennedy Schimmel",,,,,00447777000313
"Marianna Jones",,,,,00447777000584
"Jarvis Kulas",,,,,00447777000090
"Mireille Dibbert PhD",,,,,00447777000901
"Jonathon Becker",,,,,00447777000385
"Emile Ernser",,,,,00447777000671
"Kristofer Steuber",,,,,00447777000855
"Harmony Funk",,,,,00447777000664
"Marilyne Konopelski",,,,,00447777000150
"Zola Ritchie",,,,,00447777000906
"Lavinia Gaylord",,,,,00447777000235
"Carlee Ondricka",,,,,00447777000215
"Jabari Botsford V",,,,,00447777000054
"Neil King",,,,,00447777000560
"Pink Wiza",,,,,00447777000742
"Aurelio Hessel DDS",,,,,00447777000322
"Mathias Bergstrom",,,,,00447777000163
